Timestamp,Title,Link,year
3/24/2017 20:46:09,Dawn of the dead,https://www.themoviedb.org/movie/924-dawn-of-the-dead,2004
3/24/2017 20:47:10,Mala Noche,https://www.themoviedb.org/movie/383-mala-noche,1986
3/24/2017 20:48:41,Blood in Blood out,https://www.themoviedb.org/movie/9702-bound-by-honor,1993
3/24/2017 20:50:28,The Gate,https://www.themoviedb.org/movie/6917-the-gate,1987
3/24/2017 20:51:17,The Nightmare Before Christmas,https://www.themoviedb.org/movie/9479-the-nightmare-before-christmas,1993
3/24/2017 20:51:52,Beetlejuice,https://www.themoviedb.org/movie/4011-beetlejuice,1988
3/24/2017 20:53:43,Platoon,https://www.themoviedb.org/movie/792-platoon,1986
3/24/2017 20:54:15,The Piano,https://www.themoviedb.org/movie/713-the-piano,1993
3/24/2017 20:55:23,The Science of Sleep,https://www.themoviedb.org/movie/300-la-science-des-r-ves,2006
3/24/2017 20:56:08,High Tension,https://www.themoviedb.org/movie/10226-haute-tension,2003
3/24/2017 20:58:31,The Deer Hunter,https://www.themoviedb.org/movie/11778-the-deer-hunter,1978
3/24/2017 21:00:26,Buffalo 66,https://www.themoviedb.org/movie/9464-buffalo-66,1998
3/24/2017 21:01:03,Baise-moi,https://www.themoviedb.org/movie/3134-baise-moi,2000
3/24/2017 21:01:37,Risky Business,https://www.themoviedb.org/movie/9346-risky-business,1983
3/24/2017 21:03:17,Where the wild things are,https://www.themoviedb.org/movie/16523-where-the-wild-things-are,2009
3/24/2017 21:03:44,Donnie Brasco,https://www.themoviedb.org/movie/9366-donnie-brasco,1997
3/24/2017 21:05:23,Christianie F.,https://www.themoviedb.org/movie/9589-christiane-f-wir-kinder-vom-bahnhof-zoo,1981
3/24/2017 21:06:17,Tank Girl,https://www.themoviedb.org/movie/9067-tank-girl,1995
3/24/2017 21:07:18,Candy,https://www.themoviedb.org/movie/4441-candy,2006
3/24/2017 21:08:19,Watchmen,https://www.themoviedb.org/movie/13183-watchmen,2009
3/24/2017 21:09:07,Dancer in The Dark,https://www.themoviedb.org/movie/16-dancer-in-the-dark,2000
3/24/2017 21:09:34,Donnie Darko,https://www.themoviedb.org/movie/141-donnie-darko,2001
3/24/2017 21:10:43,Cry-Vaby,https://www.themoviedb.org/movie/9768-cry-baby,1990
3/24/2017 21:11:47,Drive,https://www.themoviedb.org/movie/64690-drive,2011
3/24/2017 21:12:24,Casino,https://www.themoviedb.org/movie/524-casino,1995
3/24/2017 21:13:19,Romper Stomper,https://www.themoviedb.org/movie/10412-romper-stomper,1992
3/24/2017 21:14:50,Saving Private Ryan,https://www.themoviedb.org/movie/857-saving-private-ryan,1998
3/24/2017 21:15:36,Batman Returns,https://www.themoviedb.org/movie/364-batman-returns,1992
3/24/2017 21:16:11,Red Eye,https://www.themoviedb.org/movie/11460-red-eye,2005
3/24/2017 21:17:42,Eden Lake,https://www.themoviedb.org/movie/13510-eden-lake,2008
3/24/2017 21:18:56,Ed Wood,https://www.themoviedb.org/movie/522-ed-wood,1994
3/24/2017 21:22:15,The Beat That My Heart Skipped ,https://www.themoviedb.org/movie/1553-de-battre-mon-coeur-s-est-arr-t,2005
3/24/2017 21:23:01,Videodrome,https://www.themoviedb.org/movie/837-videodrome,1983
3/24/2017 21:23:50,Lost In Translation,https://www.themoviedb.org/movie/153-lost-in-translation,2003
3/24/2017 21:24:26,Escape from New York,https://www.themoviedb.org/movie/1103-escape-from-new-york,1981
3/24/2017 21:25:47,Funny Games,https://www.themoviedb.org/movie/8461-funny-games,2007
3/24/2017 21:26:46,Metropia,https://www.themoviedb.org/movie/36800-metropia,2009
3/24/2017 21:28:19,Merlin,https://www.themoviedb.org/tv/41691-merlin,1998
3/24/2017 21:28:48,Lolita,https://www.themoviedb.org/movie/9769-lolita,1997
3/24/2017 21:29:49,The Hedgehog,https://www.themoviedb.org/movie/19597-le-h-risson,2009
3/24/2017 21:30:49,Black Swan,https://www.themoviedb.org/movie/44214-black-swan,2010
3/24/2017 21:31:35,Life of Brian,https://www.themoviedb.org/movie/583-life-of-brian,1979
3/24/2017 21:32:19,Mysterious Skin,https://www.themoviedb.org/movie/11171-mysterious-skin,2004
3/24/2017 21:33:17,My Neighbor Totoro,https://www.themoviedb.org/movie/8392-tonari-no-totoro,1988
3/24/2017 21:34:18,A Clockwork Orange,https://www.themoviedb.org/movie/185-a-clockwork-orange,1971
3/24/2017 21:35:47,Snatch,https://www.themoviedb.org/movie/107-snatch,2000
3/24/2017 21:36:18,Disco Pigs,https://www.themoviedb.org/movie/26126-disco-pigs,2001
3/24/2017 21:37:03,City of God,https://www.themoviedb.org/movie/598-cidade-de-deus,2002
3/24/2017 21:37:37,Blue Valentine,https://www.themoviedb.org/movie/46705-blue-valentine,2010
3/24/2017 21:38:52,Inside,https://www.themoviedb.org/movie/13312-l-int-rieur,2007
3/24/2017 21:39:17,Inferno,https://www.themoviedb.org/movie/16395-inferno,1980
3/24/2017 21:40:33,I Spit on Your Grave,https://www.themoviedb.org/movie/25239-day-of-the-woman,1978
3/24/2017 21:41:18,Full Metal Jacket,https://www.themoviedb.org/movie/600-full-metal-jacket,1987
3/24/2017 21:41:53,Nikita,https://www.themoviedb.org/movie/9322-nikita,1990
3/24/2017 21:43:47,Bicycle Thiefs,https://www.themoviedb.org/movie/5156-ladri-di-biciclette,1948
3/24/2017 21:44:40,American History X,https://www.themoviedb.org/movie/73-american-history-x,1998
3/24/2017 21:45:39,A Tale of Two Sisters,https://www.themoviedb.org/movie/4552,2003
3/24/2017 21:46:24,The Warriors,https://www.themoviedb.org/movie/11474-the-warriors,1979
3/24/2017 21:47:10,Nails,https://www.themoviedb.org/movie/78072-nails,2003
3/24/2017 21:48:18,Natural Born Killers,https://www.themoviedb.org/movie/241-natural-born-killers,1994
3/24/2017 21:49:01,The Shining,https://www.themoviedb.org/movie/694-the-shining,1980
3/24/2017 21:50:15,Tillsammans,https://www.themoviedb.org/movie/742-tillsammans,2000
3/24/2017 21:51:16,Waltz with Bashir,https://www.themoviedb.org/movie/8885-vals-im-bashir,2008
3/24/2017 21:51:53,Malice,https://www.themoviedb.org/movie/2246-malice,1993
3/24/2017 21:52:59,The Triplets of Belleville,https://www.themoviedb.org/movie/9662-les-triplettes-de-belleville,2003
3/24/2017 21:56:22,Tystnaden,https://www.themoviedb.org/movie/11506-tystnaden,1963
3/24/2017 21:57:51,Kvarteret Skatan Andra SÃ¤songen,https://www.themoviedb.org/tv/29950-kvarteret-skatan,2003
3/24/2017 22:06:59,Hedwig and the Angry Inch,https://www.themoviedb.org/movie/13403-hedwig-and-the-angry-inch,2001